link,id,price
https://www.immowelt.de/expose/27tl55c,27tl55c,337620
https://www.immowelt.de/expose/277b95r,277b95r,329500
https://www.immowelt.de/expose/264kl5y,264kl5y,356000
https://www.immowelt.de/expose/26vg55t,26vg55t,209500
https://www.immowelt.de/expose/22p2l5r,22p2l5r,543740
https://www.immowelt.de/expose/23z565j,23z565j,212300
https://www.immowelt.de/expose/22h495q,22h495q,234500
https://www.immowelt.de/expose/2v5k34k,2v5k34k,326680
https://www.immowelt.de/expose/27ste5s,27ste5s,260000
https://www.immowelt.de/expose/27brl5n,27brl5n,75000
https://www.immowelt.de/expose/27e2w5y,27e2w5y,220000
https://www.immowelt.de/expose/27fsa5y,27fsa5y,290000
https://www.immowelt.de/expose/27qlg5x,27qlg5x,105000
https://www.immowelt.de/expose/27r295w,27r295w,235000
https://www.immowelt.de/expose/277395u,277395u,219990
https://www.immowelt.de/expose/27qt85t,27qt85t,939000
https://www.immowelt.de/expose/284ph53,284ph53,82000
https://www.immowelt.de/expose/27v6f5m,27v6f5m,165000
https://www.immowelt.de/expose/279cd5c,279cd5c,703000
https://www.immowelt.de/expose/27bbd5c,27bbd5c,586000
https://www.immowelt.de/expose/27c7d5c,27c7d5c,477000
https://www.immowelt.de/expose/27v6d5c,27v6d5c,481000
https://www.immowelt.de/expose/2772z57,2772z57,365000
https://www.immowelt.de/expose/26zks5x,26zks5x,294000
https://www.immowelt.de/expose/26wsg5r,26wsg5r,753600
https://www.immowelt.de/expose/26x3x5d,26x3x5d,346600
https://www.immowelt.de/expose/22rwk5r,22rwk5r,700070
https://www.immowelt.de/expose/2zhl34u,2zhl34u,708700
https://www.immowelt.de/expose/2v5k34k,2v5k34k,326680
https://www.immowelt.de/expose/2vvr64j,2vvr64j,435624
https://www.immowelt.de/expose/27ysp5x,27ysp5x,136653
https://www.immowelt.de/expose/277gg5t,277gg5t,265000
https://www.immowelt.de/expose/27hug5z,27hug5z,470000
https://www.immowelt.de/expose/27s9c5z,27s9c5z,199000
https://www.immowelt.de/expose/277bs5v,277bs5v,596000
https://www.immowelt.de/expose/27yuy56,27yuy56,269500
https://www.immowelt.de/expose/27zzh5v,27zzh5v,75000
https://www.immowelt.de/expose/275hs5t,275hs5t,199000
https://www.immowelt.de/expose/27rmb5v,27rmb5v,249500
https://www.immowelt.de/expose/279fl5k,279fl5k,229000
https://www.immowelt.de/expose/278zy5g,278zy5g,853000
https://www.immowelt.de/expose/27jvl5g,27jvl5g,449990
https://www.immowelt.de/expose/276xr5f,276xr5f,139000
https://www.immowelt.de/expose/278j55c,278j55c,927700
https://www.immowelt.de/expose/277j55c,277j55c,919149
https://www.immowelt.de/expose/274jw5b,274jw5b,215000
https://www.immowelt.de/expose/27qjm5a,27qjm5a,94500
https://www.immowelt.de/expose/27ewx59,27ewx59,749000
https://www.immowelt.de/expose/27wjr54,27wjr54,300000
https://www.immowelt.de/expose/27lha54,27lha54,170000
https://www.immowelt.de/expose/26zzb5u,26zzb5u,99000
https://www.immowelt.de/expose/26tdk5r,26tdk5r,300000
https://www.immowelt.de/expose/26h235r,26h235r,134999
https://www.immowelt.de/expose/26q5h5q,26q5h5q,149000
https://www.immowelt.de/expose/26sgz5p,26sgz5p,240000
https://www.immowelt.de/expose/26qcf5h,26qcf5h,123000
https://www.immowelt.de/expose/268cf5h,268cf5h,272000
https://www.immowelt.de/expose/256v55r,256v55r,255000
https://www.immowelt.de/expose/25tar5j,25tar5j,132886
https://www.immowelt.de/expose/25q665e,25q665e,149000
https://www.immowelt.de/expose/2536h5d,2536h5d,290000
https://www.immowelt.de/expose/24pb65m,24pb65m,129500
https://www.immowelt.de/expose/22h495q,22h495q,234500
https://www.immowelt.de/expose/27bs55z,27bs55z,148000
https://www.immowelt.de/expose/27bqe5v,27bqe5v,264500
https://www.immowelt.de/expose/27t2s5s,27t2s5s,110000
https://www.immowelt.de/expose/27x9w5q,27x9w5q,160000
https://www.immowelt.de/expose/27t2h5q,27t2h5q,386400
https://www.immowelt.de/expose/272hl5n,272hl5n,195000
https://www.immowelt.de/expose/27uuj5n,27uuj5n,120000
https://www.immowelt.de/expose/27w9g5n,27w9g5n,195000
https://www.immowelt.de/expose/27ak55n,27ak55n,89000
https://www.immowelt.de/expose/27f985m,27f985m,350000
https://www.immowelt.de/expose/27lav5l,27lav5l,375000
https://www.immowelt.de/expose/27e295l,27e295l,120000
https://www.immowelt.de/expose/27k6l5k,27k6l5k,99500
https://www.immowelt.de/expose/27fvk5k,27fvk5k,189500
https://www.immowelt.de/expose/272ze5h,272ze5h,176000
https://www.immowelt.de/expose/27n575g,27n575g,149000
https://www.immowelt.de/expose/27gzv5e,27gzv5e,192500
https://www.immowelt.de/expose/27jqu5d,27jqu5d,125000
https://www.immowelt.de/expose/274nb5d,274nb5d,135000
https://www.immowelt.de/expose/2754u5j,2754u5j,225000
https://www.immowelt.de/expose/27vpe58,27vpe58,486000
https://www.immowelt.de/expose/279ka57,279ka57,163000
https://www.immowelt.de/expose/26b8r5g,26b8r5g,83000
https://www.immowelt.de/expose/26ram5g,26ram5g,177000
https://www.immowelt.de/expose/26bm55a,26bm55a,125000
https://www.immowelt.de/expose/26rg959,26rg959,329000
https://www.immowelt.de/expose/25ahf5x,25ahf5x,381000
https://www.immowelt.de/expose/25j9d5x,25j9d5x,110000
https://www.immowelt.de/expose/25hek5u,25hek5u,259000
https://www.immowelt.de/expose/256al5f,256al5f,109000
https://www.immowelt.de/expose/25cms5c,25cms5c,90000
https://www.immowelt.de/expose/25xk55c,25xk55c,520100
https://www.immowelt.de/expose/256945c,256945c,838600
https://www.immowelt.de/expose/252345c,252345c,520600
https://www.immowelt.de/expose/25uch5b,25uch5b,450700
https://www.immowelt.de/expose/259wa5b,259wa5b,110000
https://www.immowelt.de/expose/25bca5b,25bca5b,230000
https://www.immowelt.de/expose/258n25b,258n25b,573800
https://www.immowelt.de/expose/25u2j58,25u2j58,117900
https://www.immowelt.de/expose/259yh52,259yh52,518620
https://www.immowelt.de/expose/254yh52,254yh52,285700
https://www.immowelt.de/expose/24g8r5k,24g8r5k,96000
https://www.immowelt.de/expose/24fjx5b,24fjx5b,125000
https://www.immowelt.de/expose/2488r53,2488r53,194000
https://www.immowelt.de/expose/23jpr59,23jpr59,250000
https://www.immowelt.de/expose/22g995x,22g995x,129400
https://www.immowelt.de/expose/22j895x,22j895x,179000
https://www.immowelt.de/expose/22sj259,22sj259,660500
https://www.immowelt.de/expose/22wg259,22wg259,665500
https://www.immowelt.de/expose/2zzvm4u,2zzvm4u,125000
https://www.immowelt.de/expose/2zppc4r,2zppc4r,357000
https://www.immowelt.de/expose/2zwb44n,2zwb44n,267500
https://www.immowelt.de/expose/2zmw34n,2zmw34n,251300
https://www.immowelt.de/expose/2zwt34n,2zwt34n,120000
https://www.immowelt.de/expose/2yljp4d,2yljp4d,93000
https://www.immowelt.de/expose/2mk8b4t,2mk8b4t,130000
https://www.immowelt.de/expose/23e6s4r,23e6s4r,185171
https://www.immowelt.de/expose/2f3jk3v,2f3jk3v,89000
https://www.immowelt.de/expose/28lcb54,28lcb54,197500
https://www.immowelt.de/expose/2823b54,2823b54,195000
https://www.immowelt.de/expose/28v4a54,28v4a54,135000
https://www.immowelt.de/expose/28f4654,28f4654,380000
https://www.immowelt.de/expose/28dj554,28dj554,222000
https://www.immowelt.de/expose/28wtz53,28wtz53,104000
https://www.immowelt.de/expose/28xlv53,28xlv53,699000
https://www.immowelt.de/expose/28wlv53,28wlv53,599000
https://www.immowelt.de/expose/282tu53,282tu53,174900
https://www.immowelt.de/expose/28ptq53,28ptq53,320000
https://www.immowelt.de/expose/288dq53,288dq53,149000
https://www.immowelt.de/expose/2838p53,2838p53,379000
https://www.immowelt.de/expose/2892n53,2892n53,155000
https://www.immowelt.de/expose/28zng53,28zng53,403505
https://www.immowelt.de/expose/284zd53,284zd53,130000
https://www.immowelt.de/expose/28vud53,28vud53,120000
https://www.immowelt.de/expose/28jwa53,28jwa53,520000
https://www.immowelt.de/expose/2847953,2847953,200000
https://www.immowelt.de/expose/282v853,282v853,83000
https://www.immowelt.de/expose/28ka653,28ka653,120000
https://www.immowelt.de/expose/28k5z52,28k5z52,479000
https://www.immowelt.de/expose/28kfy52,28kfy52,120000
https://www.immowelt.de/expose/28unx52,28unx52,209000
https://www.immowelt.de/expose/28u2x52,28u2x52,460000
https://www.immowelt.de/expose/286hv52,286hv52,297500
https://www.immowelt.de/expose/28vfr52,28vfr52,175000
https://www.immowelt.de/expose/28lup52,28lup52,225000
https://www.immowelt.de/expose/283gn52,283gn52,338500
https://www.immowelt.de/expose/2865n52,2865n52,129000
https://www.immowelt.de/expose/2845n52,2845n52,188000
https://www.immowelt.de/expose/28b6l52,28b6l52,239000
https://www.immowelt.de/expose/28qm952,28qm952,125000
https://www.immowelt.de/expose/28zm552,28zm552,210000
https://www.immowelt.de/expose/28n8252,28n8252,1400000
https://www.immowelt.de/expose/27c5x5z,27c5x5z,225000
https://www.immowelt.de/expose/27jtw5z,27jtw5z,239500
https://www.immowelt.de/expose/27t5r5z,27t5r5z,549000
https://www.immowelt.de/expose/27v4r5z,27v4r5z,195000
https://www.immowelt.de/expose/27kgp5z,27kgp5z,170000
https://www.immowelt.de/expose/27uxl5z,27uxl5z,370000
https://www.immowelt.de/expose/2797h5z,2797h5z,119000
https://www.immowelt.de/expose/27x4e5z,27x4e5z,225000
https://www.immowelt.de/expose/27rt45z,27rt45z,109000
https://www.immowelt.de/expose/27xv35z,27xv35z,129000
https://www.immowelt.de/expose/277sr5y,277sr5y,140000
https://www.immowelt.de/expose/27cpr5y,27cpr5y,130000
https://www.immowelt.de/expose/275hq5y,275hq5y,499500
https://www.immowelt.de/expose/274hq5y,274hq5y,519500
https://www.immowelt.de/expose/27lpl5y,27lpl5y,164900
https://www.immowelt.de/expose/27t6k5y,27t6k5y,99000
https://www.immowelt.de/expose/27pzj5y,27pzj5y,158000
https://www.immowelt.de/expose/276dj5y,276dj5y,265000
https://www.immowelt.de/expose/27zbf5y,27zbf5y,249500
https://www.immowelt.de/expose/27bee5y,27bee5y,199000
https://www.immowelt.de/expose/27a6d5y,27a6d5y,109000
https://www.immowelt.de/expose/27vkc5y,27vkc5y,52500
https://www.immowelt.de/expose/27cl95y,27cl95y,120000
https://www.immowelt.de/expose/27gu85y,27gu85y,555000
https://www.immowelt.de/expose/27hs85y,27hs85y,170000
https://www.immowelt.de/expose/275f35y,275f35y,150000
https://www.immowelt.de/expose/27t7y5x,27t7y5x,323000
https://www.immowelt.de/expose/27z5v5x,27z5v5x,259000
https://www.immowelt.de/expose/27szh5c,27szh5c,84500
https://www.immowelt.de/expose/283ce52,283ce52,560587
https://www.immowelt.de/expose/273ql5x,273ql5x,169000
https://www.immowelt.de/expose/27elh5x,27elh5x,137000
https://www.immowelt.de/expose/28r6554,28r6554,224900
https://www.immowelt.de/expose/27wlf5x,27wlf5x,299000
https://www.immowelt.de/expose/27are5x,27are5x,399900
https://www.immowelt.de/expose/27zne5x,27zne5x,299000
https://www.immowelt.de/expose/27zga5x,27zga5x,160000
https://www.immowelt.de/expose/27ebe5r,27ebe5r,82000
https://www.immowelt.de/expose/27ap25x,27ap25x,145000
https://www.immowelt.de/expose/27ng25x,27ng25x,495000
https://www.immowelt.de/expose/27s625x,27s625x,115000
https://www.immowelt.de/expose/279325x,279325x,190000
https://www.immowelt.de/expose/27kcy5w,27kcy5w,372000
https://www.immowelt.de/expose/27vby5w,27vby5w,358000
https://www.immowelt.de/expose/27llv5w,27llv5w,198000
https://www.immowelt.de/expose/275dv5w,275dv5w,295000
https://www.immowelt.de/expose/272dv5w,272dv5w,295000
https://www.immowelt.de/expose/27ycv5w,27ycv5w,295000
https://www.immowelt.de/expose/27vcv5w,27vcv5w,295000
https://www.immowelt.de/expose/27ucv5w,27ucv5w,295000
https://www.immowelt.de/expose/27qcv5w,27qcv5w,295000
https://www.immowelt.de/expose/27ncv5w,27ncv5w,295000
https://www.immowelt.de/expose/27k8s5k,27k8s5k,295000
https://www.immowelt.de/expose/27vnt5w,27vnt5w,500000
https://www.immowelt.de/expose/27bpf5w,27bpf5w,165000
https://www.immowelt.de/expose/27mv95w,27mv95w,164000
https://www.immowelt.de/expose/27j285w,27j285w,139000
https://www.immowelt.de/expose/277w65w,277w65w,455830
https://www.immowelt.de/expose/276c65w,276c65w,135000
https://www.immowelt.de/expose/274s45w,274s45w,215000
https://www.immowelt.de/expose/274x35w,274x35w,129000
https://www.immowelt.de/expose/27sb35w,27sb35w,169000
https://www.immowelt.de/expose/27bh25w,27bh25w,260000
https://www.immowelt.de/expose/27cqy5v,27cqy5v,177900
https://www.immowelt.de/expose/28wpb52,28wpb52,420000
https://www.immowelt.de/expose/27cfw5v,27cfw5v,490000
https://www.immowelt.de/expose/276fv5v,276fv5v,199990
https://www.immowelt.de/expose/27h6q5v,27h6q5v,199950
https://www.immowelt.de/expose/27rbp5v,27rbp5v,115000
https://www.immowelt.de/expose/27lzl5v,27lzl5v,121000
https://www.immowelt.de/expose/267c45j,267c45j,295000
https://www.immowelt.de/expose/27rzh5c,27rzh5c,84500
https://www.immowelt.de/expose/275tk5v,275tk5v,145000
https://www.immowelt.de/expose/27sfj5v,27sfj5v,435000
https://www.immowelt.de/expose/27tp65v,27tp65v,174000
https://www.immowelt.de/expose/273u55v,273u55v,180000
https://www.immowelt.de/expose/27fqy5u,27fqy5u,91999
https://www.immowelt.de/expose/27gky5u,27gky5u,445830
https://www.immowelt.de/expose/28qce52,28qce52,415000
https://www.immowelt.de/expose/28ece52,28ece52,331500
https://www.immowelt.de/expose/2785x5u,2785x5u,185000
https://www.immowelt.de/expose/27lzv5u,27lzv5u,621170
https://www.immowelt.de/expose/27k3s5u,27k3s5u,82000
https://www.immowelt.de/expose/27tqk5u,27tqk5u,536170
https://www.immowelt.de/expose/27qqk5u,27qqk5u,468920
https://www.immowelt.de/expose/27q4k5u,27q4k5u,89900
https://www.immowelt.de/expose/27hmj5u,27hmj5u,467000
https://www.immowelt.de/expose/27abj5u,27abj5u,87800
https://www.immowelt.de/expose/27rrh5u,27rrh5u,183500
https://www.immowelt.de/expose/278zw5u,278zw5u,849990
https://www.immowelt.de/expose/27etf5u,27etf5u,589000
https://www.immowelt.de/expose/27ctf5u,27ctf5u,249000
https://www.immowelt.de/expose/27uxc5u,27uxc5u,155000
https://www.immowelt.de/expose/27xnc5u,27xnc5u,93500
https://www.immowelt.de/expose/27fkc5u,27fkc5u,199000
https://www.immowelt.de/expose/27jbc5u,27jbc5u,109900
https://www.immowelt.de/expose/27pfb5u,27pfb5u,189000
https://www.immowelt.de/expose/27h5b5u,27h5b5u,150000
https://www.immowelt.de/expose/274wa5u,274wa5u,159000
https://www.immowelt.de/expose/27bv85u,27bv85u,180000
https://www.immowelt.de/expose/27r375u,27r375u,245000
https://www.immowelt.de/expose/27fft5t,27fft5t,197000
https://www.immowelt.de/expose/27ums5t,27ums5t,220000
https://www.immowelt.de/expose/27gwp5t,27gwp5t,299000
https://www.immowelt.de/expose/27nhn5t,27nhn5t,175000
https://www.immowelt.de/expose/27phn5t,27phn5t,175000
https://www.immowelt.de/expose/274dj5t,274dj5t,97000
https://www.immowelt.de/expose/27t7h5t,27t7h5t,140000
https://www.immowelt.de/expose/27m2b5u,27m2b5u,174000
https://www.immowelt.de/expose/279wg5t,279wg5t,650000
https://www.immowelt.de/expose/27usg5t,27usg5t,82000
https://www.immowelt.de/expose/27ahf5t,27ahf5t,395000
https://www.immowelt.de/expose/27cf85z,27cf85z,150000
https://www.immowelt.de/expose/27ulf5x,27ulf5x,149950
https://www.immowelt.de/expose/27hrd5t,27hrd5t,199000
https://www.immowelt.de/expose/27mkd5t,27mkd5t,160000
https://www.immowelt.de/expose/27k3c5t,27k3c5t,245500
https://www.immowelt.de/expose/27hb75t,27hb75t,159500
https://www.immowelt.de/expose/27y6z5s,27y6z5s,170000
https://www.immowelt.de/expose/274wx5s,274wx5s,158000
https://www.immowelt.de/expose/27k9x5s,27k9x5s,222000
https://www.immowelt.de/expose/27uqt5s,27uqt5s,415990
https://www.immowelt.de/expose/2797s5s,2797s5s,485100
https://www.immowelt.de/expose/2777s5s,2777s5s,499800
https://www.immowelt.de/expose/2757s5s,2757s5s,485100
https://www.immowelt.de/expose/27z6s5s,27z6s5s,499800
https://www.immowelt.de/expose/276ar5s,276ar5s,155000
https://www.immowelt.de/expose/27ndq5s,27ndq5s,319000
https://www.immowelt.de/expose/278dn5s,278dn5s,142500
https://www.immowelt.de/expose/274mk5s,274mk5s,149500
https://www.immowelt.de/expose/27nek5s,27nek5s,194000
https://www.immowelt.de/expose/27uxj5s,27uxj5s,134990
https://www.immowelt.de/expose/27hbh5s,27hbh5s,160000
https://www.immowelt.de/expose/275k65s,275k65s,159000
https://www.immowelt.de/expose/27sg45s,27sg45s,555000
https://www.immowelt.de/expose/27ua45s,27ua45s,418000
https://www.immowelt.de/expose/27s6z53,27s6z53,160800
https://www.immowelt.de/expose/287x352,287x352,679990
https://www.immowelt.de/expose/27czv5r,27czv5r,130000
https://www.immowelt.de/expose/27ryt5r,27ryt5r,500000
https://www.immowelt.de/expose/27lwt5r,27lwt5r,590000
https://www.immowelt.de/expose/27jhs5r,27jhs5r,115000
https://www.immowelt.de/expose/27fas5r,27fas5r,450000
https://www.immowelt.de/expose/276sq5r,276sq5r,82000
https://www.immowelt.de/expose/27qtp5r,27qtp5r,199000
https://www.immowelt.de/expose/279jp5r,279jp5r,259000
https://www.immowelt.de/expose/28xfc53,28xfc53,174900
https://www.immowelt.de/expose/2764l5r,2764l5r,265000
https://www.immowelt.de/expose/2754l5r,2754l5r,175000
https://www.immowelt.de/expose/27x3l5r,27x3l5r,180000
https://www.immowelt.de/expose/27ewg5r,27ewg5r,160000
https://www.immowelt.de/expose/27a2c5v,27a2c5v,125000
https://www.immowelt.de/expose/27b2c5v,27b2c5v,165000
https://www.immowelt.de/expose/27gff5r,27gff5r,128000
https://www.immowelt.de/expose/27qfq53,27qfq53,1154400
https://www.immowelt.de/expose/27epv5x,27epv5x,170000
https://www.immowelt.de/expose/27sn95x,27sn95x,81900
https://www.immowelt.de/expose/27e7l5q,27e7l5q,189000
https://www.immowelt.de/expose/25mq25f,25mq25f,52000
https://www.immowelt.de/expose/2744e5q,2744e5q,155000
https://www.immowelt.de/expose/276c65q,276c65q,160000
https://www.immowelt.de/expose/289ce52,289ce52,261290
https://www.immowelt.de/expose/27udx5p,27udx5p,130000
https://www.immowelt.de/expose/27lsr5p,27lsr5p,650000
https://www.immowelt.de/expose/27hnp5p,27hnp5p,149000
https://www.immowelt.de/expose/278rf5p,278rf5p,275000
https://www.immowelt.de/expose/27bdf5p,27bdf5p,175000
https://www.immowelt.de/expose/27t4c5p,27t4c5p,160000
https://www.immowelt.de/expose/287wm52,287wm52,298000
https://www.immowelt.de/expose/27jn75p,27jn75p,150000
https://www.immowelt.de/expose/27tz55p,27tz55p,110000
https://www.immowelt.de/expose/27ud35p,27ud35p,260000
https://www.immowelt.de/expose/27a925p,27a925p,150000
https://www.immowelt.de/expose/27anz5n,27anz5n,149000
https://www.immowelt.de/expose/272zs5n,272zs5n,499900
https://www.immowelt.de/expose/27xys5n,27xys5n,549900
https://www.immowelt.de/expose/27sqs5n,27sqs5n,449750
https://www.immowelt.de/expose/27qqs5n,27qqs5n,452350
https://www.immowelt.de/expose/2747p5n,2747p5n,395000
https://www.immowelt.de/expose/27y6p5n,27y6p5n,212400
https://www.immowelt.de/expose/27h4m5n,27h4m5n,190000
https://www.immowelt.de/expose/27m4l5n,27m4l5n,225000
https://www.immowelt.de/expose/275gk5n,275gk5n,219500
https://www.immowelt.de/expose/28qvc52,28qvc52,175000
https://www.immowelt.de/expose/272ae5n,272ae5n,325000
https://www.immowelt.de/expose/27uca5n,27uca5n,295000
https://www.immowelt.de/expose/279uy5q,279uy5q,117000
https://www.immowelt.de/expose/27p265n,27p265n,165000
https://www.immowelt.de/expose/278y55n,278y55n,140000
https://www.immowelt.de/expose/27q7m5m,27q7m5m,179000
https://www.immowelt.de/expose/2733m5m,2733m5m,134900
https://www.immowelt.de/expose/27f3g5m,27f3g5m,534900
https://www.immowelt.de/expose/279yf5m,279yf5m,399900
https://www.immowelt.de/expose/27w6f5m,27w6f5m,255000
https://www.immowelt.de/expose/2792c5v,2792c5v,199000
https://www.immowelt.de/expose/278vz5l,278vz5l,185000
https://www.immowelt.de/expose/272n85y,272n85y,109000
https://www.immowelt.de/expose/2837b53,2837b53,89500
https://www.immowelt.de/expose/27uzr5l,27uzr5l,350000
https://www.immowelt.de/expose/286ry52,286ry52,277000
https://www.immowelt.de/expose/27knt5e,27knt5e,435000
https://www.immowelt.de/expose/27gtb5l,27gtb5l,152000
https://www.immowelt.de/expose/27ch25l,27ch25l,160000
https://www.immowelt.de/expose/27t925l,27t925l,170000
https://www.immowelt.de/expose/27llw5k,27llw5k,179000
https://www.immowelt.de/expose/27zjk5n,27zjk5n,275000
https://www.immowelt.de/expose/279tt5k,279tt5k,165000
https://www.immowelt.de/expose/27act5k,27act5k,155000
https://www.immowelt.de/expose/27clq5k,27clq5k,105000
https://www.immowelt.de/expose/27z3j5x,27z3j5x,185000
https://www.immowelt.de/expose/27qml5k,27qml5k,230000
https://www.immowelt.de/expose/27mfk5k,27mfk5k,152500
https://www.immowelt.de/expose/277jj5k,277jj5k,200000
https://www.immowelt.de/expose/2738j5k,2738j5k,139000
https://www.immowelt.de/expose/27rnh5k,27rnh5k,210000
https://www.immowelt.de/expose/27rzf5k,27rzf5k,589000
https://www.immowelt.de/expose/27krd5k,27krd5k,105000
https://www.immowelt.de/expose/287ce52,287ce52,319116
https://www.immowelt.de/expose/285ce52,285ce52,284054
https://www.immowelt.de/expose/27b2d5w,27b2d5w,130000
https://www.immowelt.de/expose/27bku5j,27bku5j,393000
https://www.immowelt.de/expose/27a6e5j,27a6e5j,480000
https://www.immowelt.de/expose/27njd5j,27njd5j,149990
https://www.immowelt.de/expose/27thd5j,27thd5j,220000
https://www.immowelt.de/expose/27pkb5j,27pkb5j,136000
https://www.immowelt.de/expose/27va55j,27va55j,550000
https://www.immowelt.de/expose/275ra5v,275ra5v,176000
https://www.immowelt.de/expose/27urq5z,27urq5z,84500
https://www.immowelt.de/expose/27ray5h,27ray5h,250000
https://www.immowelt.de/expose/27gwz5j,27gwz5j,351120
https://www.immowelt.de/expose/27h6d5h,27h6d5h,330000
https://www.immowelt.de/expose/2725d5h,2725d5h,309000
https://www.immowelt.de/expose/27z3d5h,27z3d5h,309000
https://www.immowelt.de/expose/28g6452,28g6452,169990
https://www.immowelt.de/expose/279ub5h,279ub5h,429000
https://www.immowelt.de/expose/27qn95h,27qn95h,390000
https://www.immowelt.de/expose/279x35v,279x35v,97000
https://www.immowelt.de/expose/27dd35v,27dd35v,159000
https://www.immowelt.de/expose/27zf45h,27zf45h,165000
https://www.immowelt.de/expose/27faz5g,27faz5g,199000
https://www.immowelt.de/expose/27l7z5g,27l7z5g,135000
https://www.immowelt.de/expose/276zy5g,276zy5g,644000
https://www.immowelt.de/expose/275zy5g,275zy5g,687700
https://www.immowelt.de/expose/27wyy5g,27wyy5g,397000
https://www.immowelt.de/expose/27v2w5g,27v2w5g,790500
https://www.immowelt.de/expose/27mjv5g,27mjv5g,215000
https://www.immowelt.de/expose/27a4d5x,27a4d5x,94990
https://www.immowelt.de/expose/27yhp5u,27yhp5u,197000
https://www.immowelt.de/expose/27run5g,27run5g,119500
https://www.immowelt.de/expose/27gmj5g,27gmj5g,249000
https://www.immowelt.de/expose/28kce52,28kce52,511500
https://www.immowelt.de/expose/28tce52,28tce52,270500
https://www.immowelt.de/expose/28vce52,28vce52,436500
https://www.immowelt.de/expose/28gce52,28gce52,294000
https://www.immowelt.de/expose/27gnc5g,27gnc5g,83000
https://www.immowelt.de/expose/27cac5g,27cac5g,295000
https://www.immowelt.de/expose/27j5c5g,27j5c5g,783100
https://www.immowelt.de/expose/27g5c5g,27g5c5g,386400
https://www.immowelt.de/expose/28yx352,28yx352,199990
https://www.immowelt.de/expose/27e665g,27e665g,156000
https://www.immowelt.de/expose/27uc45g,27uc45g,365000
https://www.immowelt.de/expose/27chw5f,27chw5f,200000
https://www.immowelt.de/expose/27d9u5f,27d9u5f,270000
https://www.immowelt.de/expose/2799u5f,2799u5f,255000
https://www.immowelt.de/expose/27n2q5f,27n2q5f,179950
https://www.immowelt.de/expose/279b65w,279b65w,173000
https://www.immowelt.de/expose/277sl5f,277sl5f,455000
https://www.immowelt.de/expose/27ujl5f,27ujl5f,455000
https://www.immowelt.de/expose/279k75t,279k75t,159000
https://www.immowelt.de/expose/27zvc5f,27zvc5f,305000
https://www.immowelt.de/expose/27guc5f,27guc5f,299990
https://www.immowelt.de/expose/275ea5f,275ea5f,180500
https://www.immowelt.de/expose/27rda5f,27rda5f,179500
https://www.immowelt.de/expose/27sz95f,27sz95f,139900
https://www.immowelt.de/expose/27zlx5e,27zlx5e,183000
https://www.immowelt.de/expose/278m45z,278m45z,118500
https://www.immowelt.de/expose/27ycz5s,27ycz5s,180000
https://www.immowelt.de/expose/27tj45z,27tj45z,118000
https://www.immowelt.de/expose/27g665w,27g665w,125000
https://www.immowelt.de/expose/27k5w5g,27k5w5g,269000
https://www.immowelt.de/expose/27m3z5d,27m3z5d,93000
https://www.immowelt.de/expose/2738w5d,2738w5d,135000
https://www.immowelt.de/expose/27b2s5d,27b2s5d,189000
https://www.immowelt.de/expose/27wqc5u,27wqc5u,150000
https://www.immowelt.de/expose/27cvp5d,27cvp5d,150000
https://www.immowelt.de/expose/28nqt52,28nqt52,149000
https://www.immowelt.de/expose/27yta5d,27yta5d,119500
https://www.immowelt.de/expose/276p45z,276p45z,178500
https://www.immowelt.de/expose/27pr45z,27pr45z,161420
https://www.immowelt.de/expose/27fq45z,27fq45z,179200
https://www.immowelt.de/expose/27jft5t,27jft5t,149990
https://www.immowelt.de/expose/2846v52,2846v52,169950
https://www.immowelt.de/expose/276lf5c,276lf5c,169000
https://www.immowelt.de/expose/27mcd5c,27mcd5c,1107000
https://www.immowelt.de/expose/27dcd5c,27dcd5c,998000
https://www.immowelt.de/expose/279bd5c,279bd5c,595000
https://www.immowelt.de/expose/27uad5c,27uad5c,578000
https://www.immowelt.de/expose/27lad5c,27lad5c,541000
https://www.immowelt.de/expose/27cad5c,27cad5c,533000
https://www.immowelt.de/expose/272ad5c,272ad5c,528000
https://www.immowelt.de/expose/2759d5c,2759d5c,513000
https://www.immowelt.de/expose/2767d5c,2767d5c,485000
https://www.immowelt.de/expose/27m6d5c,27m6d5c,469000
https://www.immowelt.de/expose/27j6d5c,27j6d5c,456000
https://www.immowelt.de/expose/27a6d5c,27a6d5c,365000
https://www.immowelt.de/expose/27p5d5c,27p5d5c,353000
https://www.immowelt.de/expose/28wst52,28wst52,84500
https://www.immowelt.de/expose/278dz5g,278dz5g,168000
https://www.immowelt.de/expose/27p535l,27p535l,927700
https://www.immowelt.de/expose/27l535l,27l535l,919149
https://www.immowelt.de/expose/27tk55c,27tk55c,249000
https://www.immowelt.de/expose/27vj55c,27vj55c,165000
https://www.immowelt.de/expose/27tj55c,27tj55c,638210
https://www.immowelt.de/expose/27sj55c,27sj55c,666410
https://www.immowelt.de/expose/27rj55c,27rj55c,518620
https://www.immowelt.de/expose/27cmy5b,27cmy5b,295000
https://www.immowelt.de/expose/27khy5b,27khy5b,395000
https://www.immowelt.de/expose/27uhw5b,27uhw5b,169000
https://www.immowelt.de/expose/28rx352,28rx352,124990
https://www.immowelt.de/expose/276fa5b,276fa5b,299000
https://www.immowelt.de/expose/275fa5b,275fa5b,442240
https://www.immowelt.de/expose/27q295b,27q295b,805490
https://www.immowelt.de/expose/27mh85b,27mh85b,558880
https://www.immowelt.de/expose/27xy75b,27xy75b,381710
https://www.immowelt.de/expose/27vu75b,27vu75b,159000
https://www.immowelt.de/expose/275l75b,275l75b,617463
https://www.immowelt.de/expose/27z945b,27z945b,330000
https://www.immowelt.de/expose/28mx552,28mx552,190000
https://www.immowelt.de/expose/2875452,2875452,549990
https://www.immowelt.de/expose/27nek5a,27nek5a,220000
https://www.immowelt.de/expose/27rb95r,27rb95r,539500
https://www.immowelt.de/expose/27lb95r,27lb95r,619500
https://www.immowelt.de/expose/27gb95r,27gb95r,569500
https://www.immowelt.de/expose/27ab95r,27ab95r,569500
https://www.immowelt.de/expose/277b95r,277b95r,329500
https://www.immowelt.de/expose/27lv95a,27lv95a,200000
https://www.immowelt.de/expose/276b75a,276b75a,395000
https://www.immowelt.de/expose/27dzn5z,27dzn5z,167000
https://www.immowelt.de/expose/27wj45k,27wj45k,210000
https://www.immowelt.de/expose/27sgj59,27sgj59,599000
https://www.immowelt.de/expose/27nxh59,27nxh59,185000
https://www.immowelt.de/expose/27sfe59,27sfe59,250000
https://www.immowelt.de/expose/277k659,277k659,154000
https://www.immowelt.de/expose/27kfq5y,27kfq5y,169000
https://www.immowelt.de/expose/27a5p5y,27a5p5y,169000
https://www.immowelt.de/expose/28wa553,28wa553,156990
https://www.immowelt.de/expose/27xxt58,27xxt58,295000
https://www.immowelt.de/expose/276ud5y,276ud5y,139000
https://www.immowelt.de/expose/27h4r58,27h4r58,145000
https://www.immowelt.de/expose/276zf58,276zf58,148000
https://www.immowelt.de/expose/272rf58,272rf58,375000
https://www.immowelt.de/expose/27vf85p,27vf85p,180000
https://www.immowelt.de/expose/2783b58,2783b58,115000
https://www.immowelt.de/expose/27wpl5r,27wpl5r,144500
https://www.immowelt.de/expose/27tww5s,27tww5s,218000
https://www.immowelt.de/expose/27e7n57,27e7n57,209000
https://www.immowelt.de/expose/27v8h57,27v8h57,155000
https://www.immowelt.de/expose/2794h57,2794h57,295000
https://www.immowelt.de/expose/27dzg57,27dzg57,295000
https://www.immowelt.de/expose/27mlg57,27mlg57,239000
https://www.immowelt.de/expose/272n757,272n757,475000
https://www.immowelt.de/expose/27zm757,27zm757,295000
https://www.immowelt.de/expose/27mc357,27mc357,425000
https://www.immowelt.de/expose/275r657,275r657,219000
https://www.immowelt.de/expose/28v3452,28v3452,119990
https://www.immowelt.de/expose/27psq56,27psq56,164000
https://www.immowelt.de/expose/27wdw5p,27wdw5p,212400
https://www.immowelt.de/expose/27hql56,27hql56,185000
https://www.immowelt.de/expose/27hvj56,27hvj56,679000
https://www.immowelt.de/expose/27hre56,27hre56,180000
https://www.immowelt.de/expose/27nau5v,27nau5v,198000
https://www.immowelt.de/expose/27kkc56,27kkc56,189000
https://www.immowelt.de/expose/27tdg5v,27tdg5v,125000
https://www.immowelt.de/expose/27wkf5v,27wkf5v,197000
https://www.immowelt.de/expose/27aku5t,27aku5t,399000
https://www.immowelt.de/expose/27a7w55,27a7w55,170000
https://www.immowelt.de/expose/2772p5s,2772p5s,175000
https://www.immowelt.de/expose/27fu45w,27fu45w,435000
https://www.immowelt.de/expose/27tqg55,27tqg55,175000
https://www.immowelt.de/expose/27wu25v,27wu25v,190000
https://www.immowelt.de/expose/27svc55,27svc55,210000
https://www.immowelt.de/expose/28kt854,28kt854,81500
https://www.immowelt.de/expose/27my555,27my555,550000
https://www.immowelt.de/expose/27q2r5u,27q2r5u,585000
https://www.immowelt.de/expose/27p5t54,27p5t54,139500
https://www.immowelt.de/expose/27zeg54,27zeg54,155000
https://www.immowelt.de/expose/27qmd54,27qmd54,200000
https://www.immowelt.de/expose/273tb54,273tb54,172000
https://www.immowelt.de/expose/27k8b54,27k8b54,159000
https://www.immowelt.de/expose/27jc754,27jc754,129500
https://www.immowelt.de/expose/27blz53,27blz53,254000
https://www.immowelt.de/expose/27vxs5t,27vxs5t,119000
https://www.immowelt.de/expose/27y4v53,27y4v53,706200
https://www.immowelt.de/expose/27m6u53,27m6u53,135000
https://www.immowelt.de/expose/27svs53,27svs53,215000
https://www.immowelt.de/expose/27zdn53,27zdn53,165000
https://www.immowelt.de/expose/27v9953,27v9953,199000
https://www.immowelt.de/expose/24k445t,24k445t,365904
https://www.immowelt.de/expose/24zw35r,24zw35r,276700
https://www.immowelt.de/expose/27tmm5m,27tmm5m,399000
https://www.immowelt.de/expose/273dx5k,273dx5k,159000
https://www.immowelt.de/expose/282nm53,282nm53,375000
https://www.immowelt.de/expose/245x35r,245x35r,281700
https://www.immowelt.de/expose/245335t,245335t,354758
https://www.immowelt.de/expose/27m685z,27m685z,180000
https://www.immowelt.de/expose/27gr353,27gr353,195000
https://www.immowelt.de/expose/27dr353,27dr353,179500
https://www.immowelt.de/expose/27g2w52,27g2w52,359500
https://www.immowelt.de/expose/27ygs52,27ygs52,305000
https://www.immowelt.de/expose/27g3s52,27g3s52,360000
https://www.immowelt.de/expose/27rrr52,27rrr52,210000
https://www.immowelt.de/expose/27m9r52,27m9r52,129990
https://www.immowelt.de/expose/26tqt5v,26tqt5v,171000
https://www.immowelt.de/expose/25ppg5u,25ppg5u,372720
https://www.immowelt.de/expose/27fsy5w,27fsy5w,138500
https://www.immowelt.de/expose/247x35r,247x35r,340700
https://www.immowelt.de/expose/27feg52,27feg52,305000
https://www.immowelt.de/expose/27aeg52,27aeg52,310000
https://www.immowelt.de/expose/27eag52,27eag52,205000
https://www.immowelt.de/expose/27l9h5j,27l9h5j,130000
https://www.immowelt.de/expose/24ww35r,24ww35r,323700
https://www.immowelt.de/expose/244x35r,244x35r,391700
https://www.immowelt.de/expose/25frh5u,25frh5u,480000
https://www.immowelt.de/expose/28hbw52,28hbw52,132500
https://www.immowelt.de/expose/25w5p5u,25w5p5u,120000
https://www.immowelt.de/expose/24w445t,24w445t,365904
https://www.immowelt.de/expose/248x35r,248x35r,527700
https://www.immowelt.de/expose/26hsg52,26hsg52,95000
https://www.immowelt.de/expose/27xja5y,27xja5y,1775000
https://www.immowelt.de/expose/26hzb5z,26hzb5z,164400
https://www.immowelt.de/expose/26jba5z,26jba5z,740000
https://www.immowelt.de/expose/26dba5z,26dba5z,159000
https://www.immowelt.de/expose/26zaa5z,26zaa5z,289000
https://www.immowelt.de/expose/26laa5z,26laa5z,299000
https://www.immowelt.de/expose/26nz75z,26nz75z,200000
https://www.immowelt.de/expose/265jn5y,265jn5y,85000
https://www.immowelt.de/expose/25dpg5u,25dpg5u,301632
https://www.immowelt.de/expose/26kfn5v,26kfn5v,198000
https://www.immowelt.de/expose/27ny652,27ny652,59374
https://www.immowelt.de/expose/27hl55c,27hl55c,215000
https://www.immowelt.de/expose/27tzq5s,27tzq5s,220000
https://www.immowelt.de/expose/264gm5y,264gm5y,329000
https://www.immowelt.de/expose/26dzl5y,26dzl5y,757000
https://www.immowelt.de/expose/26txl5y,26txl5y,561000
https://www.immowelt.de/expose/26bxl5y,26bxl5y,456000
https://www.immowelt.de/expose/26hvl5y,26hvl5y,532000
https://www.immowelt.de/expose/264vl5y,264vl5y,472000
https://www.immowelt.de/expose/26hul5y,26hul5y,546000
https://www.immowelt.de/expose/26ktl5y,26ktl5y,600000
https://www.immowelt.de/expose/26lpl5y,26lpl5y,527000
https://www.immowelt.de/expose/26wnl5y,26wnl5y,362000
https://www.immowelt.de/expose/26dml5y,26dml5y,468000
https://www.immowelt.de/expose/26jll5y,26jll5y,519000
https://www.immowelt.de/expose/264kl5y,264kl5y,356000
https://www.immowelt.de/expose/26cjl5y,26cjl5y,461000
https://www.immowelt.de/expose/263rk5y,263rk5y,280000
https://www.immowelt.de/expose/242x35r,242x35r,510700
https://www.immowelt.de/expose/25g6n5a,25g6n5a,244700
https://www.immowelt.de/expose/26swb5c,26swb5c,359664
https://www.immowelt.de/expose/27m7j5y,27m7j5y,666410
https://www.immowelt.de/expose/24vw35r,24vw35r,274700
https://www.immowelt.de/expose/27mxh5y,27mxh5y,518620
https://www.immowelt.de/expose/26hkx5x,26hkx5x,595000
https://www.immowelt.de/expose/274rk5v,274rk5v,192400
https://www.immowelt.de/expose/26m6r5x,26m6r5x,159000
https://www.immowelt.de/expose/2633m5x,2633m5x,215000
https://www.immowelt.de/expose/26rbl5x,26rbl5x,155000
https://www.immowelt.de/expose/27g9c5n,27g9c5n,155000
https://www.immowelt.de/expose/27e9c5n,27e9c5n,155000
https://www.immowelt.de/expose/262l75x,262l75x,799000
https://www.immowelt.de/expose/265w55x,265w55x,1150000
https://www.immowelt.de/expose/26uwf5w,26uwf5w,145000
https://www.immowelt.de/expose/26gl55w,26gl55w,150000
https://www.immowelt.de/expose/26jbq5v,26jbq5v,117000
https://www.immowelt.de/expose/26r3x5u,26r3x5u,165000
https://www.immowelt.de/expose/26lcu5u,26lcu5u,235000
https://www.immowelt.de/expose/26q4d5u,26q4d5u,579900
https://www.immowelt.de/expose/264zt5t,264zt5t,148000
https://www.immowelt.de/expose/27a3y5p,27a3y5p,111000
https://www.immowelt.de/expose/26b5b5t,26b5b5t,319000
https://www.immowelt.de/expose/268t95t,268t95t,158500
https://www.immowelt.de/expose/26vg55t,26vg55t,209500
https://www.immowelt.de/expose/262bw5s,262bw5s,491200
https://www.immowelt.de/expose/26fbn5s,26fbn5s,260000
https://www.immowelt.de/expose/27xxh5t,27xxh5t,178500
https://www.immowelt.de/expose/27vl55c,27vl55c,340000
https://www.immowelt.de/expose/27tl55c,27tl55c,337620
https://www.immowelt.de/expose/27sl55c,27sl55c,361080
https://www.immowelt.de/expose/27ql55c,27ql55c,474300
https://www.immowelt.de/expose/27pl55c,27pl55c,479400
https://www.immowelt.de/expose/27nl55c,27nl55c,483600
https://www.immowelt.de/expose/27jl55c,27jl55c,488800
https://www.immowelt.de/expose/26urp5r,26urp5r,645000
https://www.immowelt.de/expose/26z4f5r,26z4f5r,159000
https://www.immowelt.de/expose/267qx5q,267qx5q,275000
https://www.immowelt.de/expose/26eg25q,26eg25q,190000
https://www.immowelt.de/expose/27kre57,27kre57,120000
https://www.immowelt.de/expose/26ypt5p,26ypt5p,587000
https://www.immowelt.de/expose/26vdp5p,26vdp5p,145000
https://www.immowelt.de/expose/26kup5w,26kup5w,290000
https://www.immowelt.de/expose/26mc75p,26mc75p,250000
https://www.immowelt.de/expose/26jl25w,26jl25w,175000
https://www.immowelt.de/expose/26h3b5n,26h3b5n,240000
https://www.immowelt.de/expose/27h495g,27h495g,164990
https://www.immowelt.de/expose/26ydw5m,26ydw5m,59550
https://www.immowelt.de/expose/26rhs5m,26rhs5m,119000
https://www.immowelt.de/expose/26jn95l,26jn95l,468000
https://www.immowelt.de/expose/26sh95l,26sh95l,539000
https://www.immowelt.de/expose/26bc85u,26bc85u,189000
https://www.immowelt.de/expose/26xzp5j,26xzp5j,229000
https://www.immowelt.de/expose/26wwa5j,26wwa5j,139000
https://www.immowelt.de/expose/26sum5h,26sum5h,230000
https://www.immowelt.de/expose/26rpm5h,26rpm5h,160000
https://www.immowelt.de/expose/266nm5h,266nm5h,140000
https://www.immowelt.de/expose/26nhv5g,26nhv5g,199000
https://www.immowelt.de/expose/26pcc5g,26pcc5g,477000
https://www.immowelt.de/expose/2697c5g,2697c5g,130000
https://www.immowelt.de/expose/26g2a5g,26g2a5g,299000
https://www.immowelt.de/expose/26wfp5e,26wfp5e,357000
https://www.immowelt.de/expose/26t6m5e,26t6m5e,139950
https://www.immowelt.de/expose/2623m5e,2623m5e,145000
https://www.immowelt.de/expose/26fjd5e,26fjd5e,309000
https://www.immowelt.de/expose/26fu85e,26fu85e,114000
https://www.immowelt.de/expose/26r3r5d,26r3r5d,144000
https://www.immowelt.de/expose/26wmm5d,26wmm5d,175000
https://www.immowelt.de/expose/26kn95d,26kn95d,97500
https://www.immowelt.de/expose/264kv5c,264kv5c,149999
https://www.immowelt.de/expose/269jf5a,269jf5a,154999
https://www.immowelt.de/expose/27wl55c,27wl55c,650000
https://www.immowelt.de/expose/26euc5l,26euc5l,245000
https://www.immowelt.de/expose/27vxq56,27vxq56,385000
https://www.immowelt.de/expose/26ajl56,26ajl56,235000
https://www.immowelt.de/expose/266aj56,266aj56,5000000
https://www.immowelt.de/expose/26yfz55,26yfz55,499000
https://www.immowelt.de/expose/26w6y54,26w6y54,255000
https://www.immowelt.de/expose/26afs53,26afs53,230000
https://www.immowelt.de/expose/266rn53,266rn53,132750
https://www.immowelt.de/expose/26elm53,26elm53,160000
https://www.immowelt.de/expose/26u2853,26u2853,249000
https://www.immowelt.de/expose/279r855,279r855,195000
https://www.immowelt.de/expose/25ygw5z,25ygw5z,118000
https://www.immowelt.de/expose/25gxc5z,25gxc5z,200000
https://www.immowelt.de/expose/25sjj5y,25sjj5y,175000
https://www.immowelt.de/expose/25w265y,25w265y,249000
https://www.immowelt.de/expose/255mr5x,255mr5x,290000
https://www.immowelt.de/expose/254mr5x,254mr5x,290000
https://www.immowelt.de/expose/259fc5x,259fc5x,89500
https://www.immowelt.de/expose/25ne65x,25ne65x,200000
https://www.immowelt.de/expose/2549n5w,2549n5w,140000
https://www.immowelt.de/expose/25j5j5w,25j5j5w,450000
https://www.immowelt.de/expose/25jeu5u,25jeu5u,249000
https://www.immowelt.de/expose/25y6h5u,25y6h5u,119000
https://www.immowelt.de/expose/274gb52,274gb52,179990
https://www.immowelt.de/expose/2779t53,2779t53,395000
https://www.immowelt.de/expose/25xzd5t,25xzd5t,799000
https://www.immowelt.de/expose/25khy5s,25khy5s,105000
https://www.immowelt.de/expose/25a945s,25a945s,152000
https://www.immowelt.de/expose/2z3kf4l,2z3kf4l,140000
https://www.immowelt.de/expose/25s735r,25s735r,260120
https://www.immowelt.de/expose/25rus5q,25rus5q,319000
https://www.immowelt.de/expose/25pus5q,25pus5q,339575
https://www.immowelt.de/expose/25vrq5p,25vrq5p,239000
https://www.immowelt.de/expose/25t7a5l,25t7a5l,499000
https://www.immowelt.de/expose/25kdl5k,25kdl5k,192500
https://www.immowelt.de/expose/25bev5h,25bev5h,349000
https://www.immowelt.de/expose/25jcp59,25jcp59,auf
https://www.immowelt.de/expose/26lvr5g,26lvr5g,117000
https://www.immowelt.de/expose/257lg5f,257lg5f,899000
https://www.immowelt.de/expose/25txp5e,25txp5e,169000
https://www.immowelt.de/expose/25mwb5e,25mwb5e,485000
https://www.immowelt.de/expose/25hjb5e,25hjb5e,335000
https://www.immowelt.de/expose/25xka5e,25xka5e,389950
https://www.immowelt.de/expose/2572v5d,2572v5d,90000
https://www.immowelt.de/expose/25qjt5d,25qjt5d,190000
https://www.immowelt.de/expose/2538h5d,2538h5d,89000
https://www.immowelt.de/expose/25uqh5c,25uqh5c,165000
https://www.immowelt.de/expose/252af5b,252af5b,224000
https://www.immowelt.de/expose/25wwk5a,25wwk5a,449950
https://www.immowelt.de/expose/25wy658,25wy658,735000
https://www.immowelt.de/expose/25rw658,25rw658,169950
https://www.immowelt.de/expose/26p8m56,26p8m56,325000
https://www.immowelt.de/expose/2554q56,2554q56,140000
https://www.immowelt.de/expose/25jyv54,25jyv54,118000
https://www.immowelt.de/expose/257vs52,257vs52,568000
https://www.immowelt.de/expose/25cl852,25cl852,400000
https://www.immowelt.de/expose/24mzm5z,24mzm5z,159500
https://www.immowelt.de/expose/24exx5w,24exx5w,199000
https://www.immowelt.de/expose/24drx5u,24drx5u,530000
https://www.immowelt.de/expose/25f2p54,25f2p54,129000
https://www.immowelt.de/expose/24ppy5t,24ppy5t,210000
https://www.immowelt.de/expose/24mva5s,24mva5s,239000
https://www.immowelt.de/expose/24pbb5j,24pbb5j,372720
https://www.immowelt.de/expose/247bb5j,247bb5j,358320
https://www.immowelt.de/expose/24d4s5n,24d4s5n,365904
https://www.immowelt.de/expose/24hab5j,24hab5j,354768
https://www.immowelt.de/expose/24qny5f,24qny5f,320500
https://www.immowelt.de/expose/25rtw57,25rtw57,240000
https://www.immowelt.de/expose/24mk95c,24mk95c,631800
https://www.immowelt.de/expose/24pxp59,24pxp59,267000
https://www.immowelt.de/expose/248z954,248z954,auf
https://www.immowelt.de/expose/23cks5x,23cks5x,358000
https://www.immowelt.de/expose/23utz5w,23utz5w,210000
https://www.immowelt.de/expose/24xzb5n,24xzb5n,320000
https://www.immowelt.de/expose/23tqq5p,23tqq5p,415000
https://www.immowelt.de/expose/238rn5n,238rn5n,2000000
https://www.immowelt.de/expose/23t665j,23t665j,212435
https://www.immowelt.de/expose/237665j,237665j,306245
https://www.immowelt.de/expose/23z565j,23z565j,212300
https://www.immowelt.de/expose/23n565j,23n565j,212435
https://www.immowelt.de/expose/23a465j,23a465j,306300
https://www.immowelt.de/expose/23r365j,23r365j,306245
https://www.immowelt.de/expose/23yuu5f,23yuu5f,1149000
https://www.immowelt.de/expose/23v3l5b,23v3l5b,1700000
https://www.immowelt.de/expose/22dp85w,22dp85w,485000
https://www.immowelt.de/expose/22p2l5r,22p2l5r,543740
https://www.immowelt.de/expose/22j2l5r,22j2l5r,585935
https://www.immowelt.de/expose/22b2l5r,22b2l5r,641937
https://www.immowelt.de/expose/22yzk5r,22yzk5r,551215
https://www.immowelt.de/expose/22jzk5r,22jzk5r,557690
https://www.immowelt.de/expose/227zk5r,227zk5r,612890
https://www.immowelt.de/expose/223xk5r,223xk5r,509778
https://www.immowelt.de/expose/22lwk5r,22lwk5r,787971
https://www.immowelt.de/expose/22vbk5r,22vbk5r,720510
https://www.immowelt.de/expose/22j595q,22j595q,710300
https://www.immowelt.de/expose/2pddf4b,2pddf4b,auf
https://www.immowelt.de/expose/2yhan4u,2yhan4u,auf
https://www.immowelt.de/expose/2cnqu4e,2cnqu4e,179950
